id,nom,description,prix,image,quantite_en_stock
1,Produit 1,Description du produit 1 avec caractéristiques complètes et détails,519.46,product_1.jpg,80
2,Produit 2,Description du produit 2 avec caractéristiques complètes et détails,896.1,product_2.jpg,99
3,Produit 3,Description du produit 3 avec caractéristiques complètes et détails,511.2,product_3.jpg,62
4,Produit 4,Description du produit 4 avec caractéristiques complètes et détails,460.83,product_4.jpg,16
5,Produit 5,Description du produit 5 avec caractéristiques complètes et détails,180.57,product_5.jpg,42
6,Produit 6,Description du produit 6 avec caractéristiques complètes et détails,899.5,product_6.jpg,47
7,Produit 7,Description du produit 7 avec caractéristiques complètes et détails,812.24,product_7.jpg,78
8,Produit 8,Description du produit 8 avec caractéristiques complètes et détails,460.81,product_8.jpg,10
9,Produit 9,Description du produit 9 avec caractéristiques complètes et détails,814.36,product_9.jpg,70
10,Produit 10,Description du produit 10 avec caractéristiques complètes et détails,424.85,product_10.jpg,2
11,Produit 11,Description du produit 11 avec caractéristiques complètes et détails,822.63,product_11.jpg,87
12,Produit 12,Description du produit 12 avec caractéristiques complètes et détails,437,product_12.jpg,9
13,Produit 13,Description du produit 13 avec caractéristiques complètes et détails,268.74,product_13.jpg,25
14,Produit 14,Description du produit 14 avec caractéristiques complètes et détails,291.53,product_14.jpg,50
15,Produit 15,Description du produit 15 avec caractéristiques complètes et détails,59.72,product_15.jpg,64
16,Produit 16,Description du produit 16 avec caractéristiques complètes et détails,537.76,product_16.jpg,37
17,Produit 17,Description du produit 17 avec caractéristiques complètes et détails,355.65,product_17.jpg,90
18,Produit 18,Description du produit 18 avec caractéristiques complètes et détails,182.26,product_18.jpg,58
19,Produit 19,Description du produit 19 avec caractéristiques complètes et détails,271.72,product_19.jpg,41
20,Produit 20,Description du produit 20 avec caractéristiques complètes et détails,539.15,product_20.jpg,78
21,Produit 21,Description du produit 21 avec caractéristiques complètes et détails,269.41,product_21.jpg,76
22,Produit 22,Description du produit 22 avec caractéristiques complètes et détails,690.29,product_22.jpg,72
23,Produit 23,Description du produit 23 avec caractéristiques complètes et détails,304.41,product_23.jpg,17
24,Produit 24,Description du produit 24 avec caractéristiques complètes et détails,185.83,product_24.jpg,34
25,Produit 25,Description du produit 25 avec caractéristiques complètes et détails,599.99,product_25.jpg,88
26,Produit 26,Description du produit 26 avec caractéristiques complètes et détails,325.41,product_26.jpg,24
27,Produit 27,Description du produit 27 avec caractéristiques complètes et détails,47.56,product_27.jpg,24
28,Produit 28,Description du produit 28 avec caractéristiques complètes et détails,304.57,product_28.jpg,65
29,Produit 29,Description du produit 29 avec caractéristiques complètes et détails,649.82,product_29.jpg,60
30,Produit 30,Description du produit 30 avec caractéristiques complètes et détails,178.96,product_30.jpg,8
31,Produit 31,Description du produit 31 avec caractéristiques complètes et détails,828.33,product_31.jpg,59
32,Produit 32,Description du produit 32 avec caractéristiques complètes et détails,911.34,product_32.jpg,30
33,Produit 33,Description du produit 33 avec caractéristiques complètes et détails,679.67,product_33.jpg,3
34,Produit 34,Description du produit 34 avec caractéristiques complètes et détails,992.92,product_34.jpg,38
35,Produit 35,Description du produit 35 avec caractéristiques complètes et détails,598.36,product_35.jpg,14
36,Produit 36,Description du produit 36 avec caractéristiques complètes et détails,200.71,product_36.jpg,20
37,Produit 37,Description du produit 37 avec caractéristiques complètes et détails,596.87,product_37.jpg,96
38,Produit 38,Description du produit 38 avec caractéristiques complètes et détails,932.72,product_38.jpg,89
39,Produit 39,Description du produit 39 avec caractéristiques complètes et détails,875.74,product_39.jpg,71
40,Produit 40,Description du produit 40 avec caractéristiques complètes et détails,657.4,product_40.jpg,27
41,Produit 41,Description du produit 41 avec caractéristiques complètes et détails,582.28,product_41.jpg,29
42,Produit 42,Description du produit 42 avec caractéristiques complètes et détails,964.34,product_42.jpg,16
43,Produit 43,Description du produit 43 avec caractéristiques complètes et détails,391.84,product_43.jpg,47
44,Produit 44,Description du produit 44 avec caractéristiques complètes et détails,778.36,product_44.jpg,87
45,Produit 45,Description du produit 45 avec caractéristiques complètes et détails,807.46,product_45.jpg,3
46,Produit 46,Description du produit 46 avec caractéristiques complètes et détails,998.01,product_46.jpg,19
47,Produit 47,Description du produit 47 avec caractéristiques complètes et détails,393.59,product_47.jpg,70
48,Produit 48,Description du produit 48 avec caractéristiques complètes et détails,207.01,product_48.jpg,44
49,Produit 49,Description du produit 49 avec caractéristiques complètes et détails,479.63,product_49.jpg,83
50,Produit 50,Description du produit 50 avec caractéristiques complètes et détails,499.75,product_50.jpg,24
51,Produit 51,Description du produit 51 avec caractéristiques complètes et détails,625.06,product_51.jpg,5
52,Produit 52,Description du produit 52 avec caractéristiques complètes et détails,746.86,product_52.jpg,85
53,Produit 53,Description du produit 53 avec caractéristiques complètes et détails,876.19,product_53.jpg,47
54,Produit 54,Description du produit 54 avec caractéristiques complètes et détails,824.19,product_54.jpg,72
55,Produit 55,Description du produit 55 avec caractéristiques complètes et détails,290.68,product_55.jpg,68
56,Produit 56,Description du produit 56 avec caractéristiques complètes et détails,575.29,product_56.jpg,75
57,Produit 57,Description du produit 57 avec caractéristiques complètes et détails,969.92,product_57.jpg,55
58,Produit 58,Description du produit 58 avec caractéristiques complètes et détails,617.09,product_58.jpg,32
59,Produit 59,Description du produit 59 avec caractéristiques complètes et détails,251.95,product_59.jpg,61
60,Produit 60,Description du produit 60 avec caractéristiques complètes et détails,783.92,product_60.jpg,53
61,Produit 61,Description du produit 61 avec caractéristiques complètes et détails,860.31,product_61.jpg,85
62,Produit 62,Description du produit 62 avec caractéristiques complètes et détails,684.2,product_62.jpg,71
63,Produit 63,Description du produit 63 avec caractéristiques complètes et détails,188.45,product_63.jpg,51
64,Produit 64,Description du produit 64 avec caractéristiques complètes et détails,324.66,product_64.jpg,5
65,Produit 65,Description du produit 65 avec caractéristiques complètes et détails,274.77,product_65.jpg,96
66,Produit 66,Description du produit 66 avec caractéristiques complètes et détails,97.66,product_66.jpg,27
67,Produit 67,Description du produit 67 avec caractéristiques complètes et détails,449.25,product_67.jpg,37
68,Produit 68,Description du produit 68 avec caractéristiques complètes et détails,646.92,product_68.jpg,28
69,Produit 69,Description du produit 69 avec caractéristiques complètes et détails,745.76,product_69.jpg,3
70,Produit 70,Description du produit 70 avec caractéristiques complètes et détails,14.94,product_70.jpg,44
71,Produit 71,Description du produit 71 avec caractéristiques complètes et détails,840.43,product_71.jpg,88
72,Produit 72,Description du produit 72 avec caractéristiques complètes et détails,925.87,product_72.jpg,94
73,Produit 73,Description du produit 73 avec caractéristiques complètes et détails,781.08,product_73.jpg,27
74,Produit 74,Description du produit 74 avec caractéristiques complètes et détails,463.5,product_74.jpg,53
75,Produit 75,Description du produit 75 avec caractéristiques complètes et détails,193.84,product_75.jpg,99
76,Produit 76,Description du produit 76 avec caractéristiques complètes et détails,587.6,product_76.jpg,92
77,Produit 77,Description du produit 77 avec caractéristiques complètes et détails,559.35,product_77.jpg,27
78,Produit 78,Description du produit 78 avec caractéristiques complètes et détails,172.83,product_78.jpg,56
79,Produit 79,Description du produit 79 avec caractéristiques complètes et détails,78.64,product_79.jpg,48
80,Produit 80,Description du produit 80 avec caractéristiques complètes et détails,658.44,product_80.jpg,1
81,Produit 81,Description du produit 81 avec caractéristiques complètes et détails,479.59,product_81.jpg,44
82,Produit 82,Description du produit 82 avec caractéristiques complètes et détails,458.95,product_82.jpg,82
83,Produit 83,Description du produit 83 avec caractéristiques complètes et détails,58.25,product_83.jpg,5
84,Produit 84,Description du produit 84 avec caractéristiques complètes et détails,147.19,product_84.jpg,8
85,Produit 85,Description du produit 85 avec caractéristiques complètes et détails,602.21,product_85.jpg,30
86,Produit 86,Description du produit 86 avec caractéristiques complètes et détails,173.4,product_86.jpg,61
87,Produit 87,Description du produit 87 avec caractéristiques complètes et détails,185.56,product_87.jpg,56
88,Produit 88,Description du produit 88 avec caractéristiques complètes et détails,786.37,product_88.jpg,77
89,Produit 89,Description du produit 89 avec caractéristiques complètes et détails,986.3,product_89.jpg,59
90,Produit 90,Description du produit 90 avec caractéristiques complètes et détails,613.09,product_90.jpg,29
91,Produit 91,Description du produit 91 avec caractéristiques complètes et détails,137.49,product_91.jpg,78
92,Produit 92,Description du produit 92 avec caractéristiques complètes et détails,15.38,product_92.jpg,70
93,Produit 93,Description du produit 93 avec caractéristiques complètes et détails,689.27,product_93.jpg,95
94,Produit 94,Description du produit 94 avec caractéristiques complètes et détails,731.71,product_94.jpg,51
95,Produit 95,Description du produit 95 avec caractéristiques complètes et détails,306.33,product_95.jpg,32
96,Produit 96,Description du produit 96 avec caractéristiques complètes et détails,823.53,product_96.jpg,46
97,Produit 97,Description du produit 97 avec caractéristiques complètes et détails,157.69,product_97.jpg,10
98,Produit 98,Description du produit 98 avec caractéristiques complètes et détails,128.28,product_98.jpg,15
99,Produit 99,Description du produit 99 avec caractéristiques complètes et détails,207.87,product_99.jpg,83
100,Produit 100,Description du produit 100 avec caractéristiques complètes et détails,852.37,product_100.jpg,98
101,Produit 101,Description du produit 101 avec caractéristiques complètes et détails,362.09,product_101.jpg,23
102,Produit 102,Description du produit 102 avec caractéristiques complètes et détails,184.35,product_102.jpg,90
103,Produit 103,Description du produit 103 avec caractéristiques complètes et détails,240.65,product_103.jpg,61
104,Produit 104,Description du produit 104 avec caractéristiques complètes et détails,481.46,product_104.jpg,3
105,Produit 105,Description du produit 105 avec caractéristiques complètes et détails,463.95,product_105.jpg,31
106,Produit 106,Description du produit 106 avec caractéristiques complètes et détails,651.34,product_106.jpg,29
107,Produit 107,Description du produit 107 avec caractéristiques complètes et détails,263.16,product_107.jpg,20
108,Produit 108,Description du produit 108 avec caractéristiques complètes et détails,867.47,product_108.jpg,58
109,Produit 109,Description du produit 109 avec caractéristiques complètes et détails,22.45,product_109.jpg,48
110,Produit 110,Description du produit 110 avec caractéristiques complètes et détails,777.99,product_110.jpg,19
111,Produit 111,Description du produit 111 avec caractéristiques complètes et détails,566.33,product_111.jpg,56
112,Produit 112,Description du produit 112 avec caractéristiques complètes et détails,410.07,product_112.jpg,83
113,Produit 113,Description du produit 113 avec caractéristiques complètes et détails,273.2,product_113.jpg,14
114,Produit 114,Description du produit 114 avec caractéristiques complètes et détails,454.01,product_114.jpg,90
115,Produit 115,Description du produit 115 avec caractéristiques complètes et détails,227.41,product_115.jpg,32
116,Produit 116,Description du produit 116 avec caractéristiques complètes et détails,155.96,product_116.jpg,41
117,Produit 117,Description du produit 117 avec caractéristiques complètes et détails,732.93,product_117.jpg,27
118,Produit 118,Description du produit 118 avec caractéristiques complètes et détails,543.52,product_118.jpg,42
119,Produit 119,Description du produit 119 avec caractéristiques complètes et détails,329.48,product_119.jpg,3
120,Produit 120,Description du produit 120 avec caractéristiques complètes et détails,492.26,product_120.jpg,18
121,Produit 121,Description du produit 121 avec caractéristiques complètes et détails,259.44,product_121.jpg,28
122,Produit 122,Description du produit 122 avec caractéristiques complètes et détails,468.32,product_122.jpg,55
123,Produit 123,Description du produit 123 avec caractéristiques complètes et détails,998.08,product_123.jpg,69
124,Produit 124,Description du produit 124 avec caractéristiques complètes et détails,561.73,product_124.jpg,78
125,Produit 125,Description du produit 125 avec caractéristiques complètes et détails,876.21,product_125.jpg,98
126,Produit 126,Description du produit 126 avec caractéristiques complètes et détails,791.9,product_126.jpg,22
127,Produit 127,Description du produit 127 avec caractéristiques complètes et détails,295,product_127.jpg,8
128,Produit 128,Description du produit 128 avec caractéristiques complètes et détails,289.04,product_128.jpg,1
129,Produit 129,Description du produit 129 avec caractéristiques complètes et détails,292.7,product_129.jpg,4
130,Produit 130,Description du produit 130 avec caractéristiques complètes et détails,840.02,product_130.jpg,18
131,Produit 131,Description du produit 131 avec caractéristiques complètes et détails,483.03,product_131.jpg,33
132,Produit 132,Description du produit 132 avec caractéristiques complètes et détails,324.59,product_132.jpg,76
133,Produit 133,Description du produit 133 avec caractéristiques complètes et détails,900.74,product_133.jpg,25
134,Produit 134,Description du produit 134 avec caractéristiques complètes et détails,399.34,product_134.jpg,54
135,Produit 135,Description du produit 135 avec caractéristiques complètes et détails,433.39,product_135.jpg,95
136,Produit 136,Description du produit 136 avec caractéristiques complètes et détails,332.06,product_136.jpg,26
137,Produit 137,Description du produit 137 avec caractéristiques complètes et détails,170.01,product_137.jpg,18
138,Produit 138,Description du produit 138 avec caractéristiques complètes et détails,229.2,product_138.jpg,87
139,Produit 139,Description du produit 139 avec caractéristiques complètes et détails,149.4,product_139.jpg,97
140,Produit 140,Description du produit 140 avec caractéristiques complètes et détails,576.21,product_140.jpg,28
141,Produit 141,Description du produit 141 avec caractéristiques complètes et détails,354.65,product_141.jpg,84
142,Produit 142,Description du produit 142 avec caractéristiques complètes et détails,220.24,product_142.jpg,6
143,Produit 143,Description du produit 143 avec caractéristiques complètes et détails,306.08,product_143.jpg,61
144,Produit 144,Description du produit 144 avec caractéristiques complètes et détails,561.64,product_144.jpg,92
145,Produit 145,Description du produit 145 avec caractéristiques complètes et détails,225.88,product_145.jpg,55
146,Produit 146,Description du produit 146 avec caractéristiques complètes et détails,998.25,product_146.jpg,35
147,Produit 147,Description du produit 147 avec caractéristiques complètes et détails,152.72,product_147.jpg,12
148,Produit 148,Description du produit 148 avec caractéristiques complètes et détails,16.04,product_148.jpg,79
149,Produit 149,Description du produit 149 avec caractéristiques complètes et détails,39.91,product_149.jpg,52
150,Produit 150,Description du produit 150 avec caractéristiques complètes et détails,996.3,product_150.jpg,10
151,Produit 151,Description du produit 151 avec caractéristiques complètes et détails,44.19,product_151.jpg,26
152,Produit 152,Description du produit 152 avec caractéristiques complètes et détails,506.01,product_152.jpg,84
153,Produit 153,Description du produit 153 avec caractéristiques complètes et détails,454.97,product_153.jpg,49
154,Produit 154,Description du produit 154 avec caractéristiques complètes et détails,114.85,product_154.jpg,5
155,Produit 155,Description du produit 155 avec caractéristiques complètes et détails,903.32,product_155.jpg,42
156,Produit 156,Description du produit 156 avec caractéristiques complètes et détails,730.83,product_156.jpg,91
157,Produit 157,Description du produit 157 avec caractéristiques complètes et détails,870.68,product_157.jpg,52
158,Produit 158,Description du produit 158 avec caractéristiques complètes et détails,843.1,product_158.jpg,58
159,Produit 159,Description du produit 159 avec caractéristiques complètes et détails,365.51,product_159.jpg,71
160,Produit 160,Description du produit 160 avec caractéristiques complètes et détails,635,product_160.jpg,56
161,Produit 161,Description du produit 161 avec caractéristiques complètes et détails,695.57,product_161.jpg,98
162,Produit 162,Description du produit 162 avec caractéristiques complètes et détails,964.05,product_162.jpg,85
163,Produit 163,Description du produit 163 avec caractéristiques complètes et détails,509.74,product_163.jpg,99
164,Produit 164,Description du produit 164 avec caractéristiques complètes et détails,17.4,product_164.jpg,97
165,Produit 165,Description du produit 165 avec caractéristiques complètes et détails,551.01,product_165.jpg,39
166,Produit 166,Description du produit 166 avec caractéristiques complètes et détails,976.81,product_166.jpg,36
167,Produit 167,Description du produit 167 avec caractéristiques complètes et détails,797.59,product_167.jpg,36
168,Produit 168,Description du produit 168 avec caractéristiques complètes et détails,525.13,product_168.jpg,16
169,Produit 169,Description du produit 169 avec caractéristiques complètes et détails,249.87,product_169.jpg,8
170,Produit 170,Description du produit 170 avec caractéristiques complètes et détails,344.6,product_170.jpg,86
171,Produit 171,Description du produit 171 avec caractéristiques complètes et détails,553.05,product_171.jpg,22
172,Produit 172,Description du produit 172 avec caractéristiques complètes et détails,113.97,product_172.jpg,39
173,Produit 173,Description du produit 173 avec caractéristiques complètes et détails,214.14,product_173.jpg,94
174,Produit 174,Description du produit 174 avec caractéristiques complètes et détails,199.61,product_174.jpg,80
175,Produit 175,Description du produit 175 avec caractéristiques complètes et détails,825.95,product_175.jpg,29
176,Produit 176,Description du produit 176 avec caractéristiques complètes et détails,118.45,product_176.jpg,29
177,Produit 177,Description du produit 177 avec caractéristiques complètes et détails,951.05,product_177.jpg,2
178,Produit 178,Description du produit 178 avec caractéristiques complètes et détails,190.18,product_178.jpg,74
179,Produit 179,Description du produit 179 avec caractéristiques complètes et détails,672.17,product_179.jpg,22
180,Produit 180,Description du produit 180 avec caractéristiques complètes et détails,788.72,product_180.jpg,14
181,Produit 181,Description du produit 181 avec caractéristiques complètes et détails,789.2,product_181.jpg,69
182,Produit 182,Description du produit 182 avec caractéristiques complètes et détails,310.39,product_182.jpg,77
183,Produit 183,Description du produit 183 avec caractéristiques complètes et détails,185.47,product_183.jpg,16
184,Produit 184,Description du produit 184 avec caractéristiques complètes et détails,472.6,product_184.jpg,82
185,Produit 185,Description du produit 185 avec caractéristiques complètes et détails,419.18,product_185.jpg,45
186,Produit 186,Description du produit 186 avec caractéristiques complètes et détails,779.26,product_186.jpg,70
187,Produit 187,Description du produit 187 avec caractéristiques complètes et détails,755.5,product_187.jpg,90
188,Produit 188,Description du produit 188 avec caractéristiques complètes et détails,383.44,product_188.jpg,81
189,Produit 189,Description du produit 189 avec caractéristiques complètes et détails,121.01,product_189.jpg,91
190,Produit 190,Description du produit 190 avec caractéristiques complètes et détails,355.05,product_190.jpg,6
191,Produit 191,Description du produit 191 avec caractéristiques complètes et détails,203.01,product_191.jpg,73
192,Produit 192,Description du produit 192 avec caractéristiques complètes et détails,833.9,product_192.jpg,5
193,Produit 193,Description du produit 193 avec caractéristiques complètes et détails,66.65,product_193.jpg,64
194,Produit 194,Description du produit 194 avec caractéristiques complètes et détails,268.48,product_194.jpg,43
195,Produit 195,Description du produit 195 avec caractéristiques complètes et détails,337.36,product_195.jpg,48
196,Produit 196,Description du produit 196 avec caractéristiques complètes et détails,661.4,product_196.jpg,86
197,Produit 197,Description du produit 197 avec caractéristiques complètes et détails,638.78,product_197.jpg,70
198,Produit 198,Description du produit 198 avec caractéristiques complètes et détails,456.75,product_198.jpg,14
199,Produit 199,Description du produit 199 avec caractéristiques complètes et détails,897.71,product_199.jpg,77
200,Produit 200,Description du produit 200 avec caractéristiques complètes et détails,600.53,product_200.jpg,22
201,Produit 201,Description du produit 201 avec caractéristiques complètes et détails,691.84,product_201.jpg,70
202,Produit 202,Description du produit 202 avec caractéristiques complètes et détails,987.67,product_202.jpg,80
203,Produit 203,Description du produit 203 avec caractéristiques complètes et détails,871.69,product_203.jpg,76
204,Produit 204,Description du produit 204 avec caractéristiques complètes et détails,992.33,product_204.jpg,94
205,Produit 205,Description du produit 205 avec caractéristiques complètes et détails,862.57,product_205.jpg,81
206,Produit 206,Description du produit 206 avec caractéristiques complètes et détails,252.97,product_206.jpg,3
207,Produit 207,Description du produit 207 avec caractéristiques complètes et détails,438.8,product_207.jpg,62
208,Produit 208,Description du produit 208 avec caractéristiques complètes et détails,925.28,product_208.jpg,68
209,Produit 209,Description du produit 209 avec caractéristiques complètes et détails,868.68,product_209.jpg,21
210,Produit 210,Description du produit 210 avec caractéristiques complètes et détails,872.3,product_210.jpg,22
211,Produit 211,Description du produit 211 avec caractéristiques complètes et détails,998.75,product_211.jpg,36
212,Produit 212,Description du produit 212 avec caractéristiques complètes et détails,573.19,product_212.jpg,12
213,Produit 213,Description du produit 213 avec caractéristiques complètes et détails,888.11,product_213.jpg,54
214,Produit 214,Description du produit 214 avec caractéristiques complètes et détails,962.02,product_214.jpg,18
215,Produit 215,Description du produit 215 avec caractéristiques complètes et détails,402.62,product_215.jpg,37
216,Produit 216,Description du produit 216 avec caractéristiques complètes et détails,555.99,product_216.jpg,80
217,Produit 217,Description du produit 217 avec caractéristiques complètes et détails,492.83,product_217.jpg,37
218,Produit 218,Description du produit 218 avec caractéristiques complètes et détails,552.23,product_218.jpg,53
219,Produit 219,Description du produit 219 avec caractéristiques complètes et détails,418.16,product_219.jpg,14
220,Produit 220,Description du produit 220 avec caractéristiques complètes et détails,102.11,product_220.jpg,25
221,Produit 221,Description du produit 221 avec caractéristiques complètes et détails,669.59,product_221.jpg,6
222,Produit 222,Description du produit 222 avec caractéristiques complètes et détails,522.24,product_222.jpg,23
223,Produit 223,Description du produit 223 avec caractéristiques complètes et détails,264.87,product_223.jpg,70
224,Produit 224,Description du produit 224 avec caractéristiques complètes et détails,205.92,product_224.jpg,35
225,Produit 225,Description du produit 225 avec caractéristiques complètes et détails,354.48,product_225.jpg,72
226,Produit 226,Description du produit 226 avec caractéristiques complètes et détails,906.84,product_226.jpg,9
227,Produit 227,Description du produit 227 avec caractéristiques complètes et détails,164.33,product_227.jpg,42
228,Produit 228,Description du produit 228 avec caractéristiques complètes et détails,503.96,product_228.jpg,30
229,Produit 229,Description du produit 229 avec caractéristiques complètes et détails,301.37,product_229.jpg,24
230,Produit 230,Description du produit 230 avec caractéristiques complètes et détails,688.04,product_230.jpg,31
231,Produit 231,Description du produit 231 avec caractéristiques complètes et détails,809.86,product_231.jpg,60
232,Produit 232,Description du produit 232 avec caractéristiques complètes et détails,753.62,product_232.jpg,83
233,Produit 233,Description du produit 233 avec caractéristiques complètes et détails,849.82,product_233.jpg,88
234,Produit 234,Description du produit 234 avec caractéristiques complètes et détails,398.53,product_234.jpg,78
235,Produit 235,Description du produit 235 avec caractéristiques complètes et détails,120.56,product_235.jpg,15
236,Produit 236,Description du produit 236 avec caractéristiques complètes et détails,945.49,product_236.jpg,76
237,Produit 237,Description du produit 237 avec caractéristiques complètes et détails,371.41,product_237.jpg,21
238,Produit 238,Description du produit 238 avec caractéristiques complètes et détails,922.72,product_238.jpg,7
239,Produit 239,Description du produit 239 avec caractéristiques complètes et détails,691.84,product_239.jpg,62
240,Produit 240,Description du produit 240 avec caractéristiques complètes et détails,556.33,product_240.jpg,62
241,Produit 241,Description du produit 241 avec caractéristiques complètes et détails,706.13,product_241.jpg,65
242,Produit 242,Description du produit 242 avec caractéristiques complètes et détails,260.22,product_242.jpg,41
243,Produit 243,Description du produit 243 avec caractéristiques complètes et détails,245.78,product_243.jpg,79
244,Produit 244,Description du produit 244 avec caractéristiques complètes et détails,439.05,product_244.jpg,21
245,Produit 245,Description du produit 245 avec caractéristiques complètes et détails,938.46,product_245.jpg,46
246,Produit 246,Description du produit 246 avec caractéristiques complètes et détails,939.63,product_246.jpg,36
247,Produit 247,Description du produit 247 avec caractéristiques complètes et détails,439.29,product_247.jpg,48
248,Produit 248,Description du produit 248 avec caractéristiques complètes et détails,123.57,product_248.jpg,65
249,Produit 249,Description du produit 249 avec caractéristiques complètes et détails,828.71,product_249.jpg,89
250,Produit 250,Description du produit 250 avec caractéristiques complètes et détails,405.68,product_250.jpg,17
251,Produit 251,Description du produit 251 avec caractéristiques complètes et détails,230.49,product_251.jpg,95
252,Produit 252,Description du produit 252 avec caractéristiques complètes et détails,683.96,product_252.jpg,77
253,Produit 253,Description du produit 253 avec caractéristiques complètes et détails,742.03,product_253.jpg,66
254,Produit 254,Description du produit 254 avec caractéristiques complètes et détails,446.88,product_254.jpg,4
255,Produit 255,Description du produit 255 avec caractéristiques complètes et détails,972.78,product_255.jpg,73
256,Produit 256,Description du produit 256 avec caractéristiques complètes et détails,342.35,product_256.jpg,28
257,Produit 257,Description du produit 257 avec caractéristiques complètes et détails,832.11,product_257.jpg,89
258,Produit 258,Description du produit 258 avec caractéristiques complètes et détails,29,product_258.jpg,82
259,Produit 259,Description du produit 259 avec caractéristiques complètes et détails,641.22,product_259.jpg,71
260,Produit 260,Description du produit 260 avec caractéristiques complètes et détails,784.49,product_260.jpg,31
261,Produit 261,Description du produit 261 avec caractéristiques complètes et détails,437.76,product_261.jpg,20
262,Produit 262,Description du produit 262 avec caractéristiques complètes et détails,409.26,product_262.jpg,32
263,Produit 263,Description du produit 263 avec caractéristiques complètes et détails,480.85,product_263.jpg,99
264,Produit 264,Description du produit 264 avec caractéristiques complètes et détails,13.29,product_264.jpg,1
265,Produit 265,Description du produit 265 avec caractéristiques complètes et détails,402.91,product_265.jpg,95
266,Produit 266,Description du produit 266 avec caractéristiques complètes et détails,666.2,product_266.jpg,68
267,Produit 267,Description du produit 267 avec caractéristiques complètes et détails,652.52,product_267.jpg,64
268,Produit 268,Description du produit 268 avec caractéristiques complètes et détails,982.77,product_268.jpg,55
269,Produit 269,Description du produit 269 avec caractéristiques complètes et détails,966.68,product_269.jpg,70
270,Produit 270,Description du produit 270 avec caractéristiques complètes et détails,978.63,product_270.jpg,99
271,Produit 271,Description du produit 271 avec caractéristiques complètes et détails,686.37,product_271.jpg,81
272,Produit 272,Description du produit 272 avec caractéristiques complètes et détails,880.57,product_272.jpg,40
273,Produit 273,Description du produit 273 avec caractéristiques complètes et détails,324.36,product_273.jpg,84
274,Produit 274,Description du produit 274 avec caractéristiques complètes et détails,658.69,product_274.jpg,62
275,Produit 275,Description du produit 275 avec caractéristiques complètes et détails,907.2,product_275.jpg,82
276,Produit 276,Description du produit 276 avec caractéristiques complètes et détails,266.33,product_276.jpg,25
277,Produit 277,Description du produit 277 avec caractéristiques complètes et détails,794.69,product_277.jpg,58
278,Produit 278,Description du produit 278 avec caractéristiques complètes et détails,382.33,product_278.jpg,86
279,Produit 279,Description du produit 279 avec caractéristiques complètes et détails,775.1,product_279.jpg,66
280,Produit 280,Description du produit 280 avec caractéristiques complètes et détails,203.77,product_280.jpg,37
281,Produit 281,Description du produit 281 avec caractéristiques complètes et détails,595.83,product_281.jpg,69
282,Produit 282,Description du produit 282 avec caractéristiques complètes et détails,995.26,product_282.jpg,30
283,Produit 283,Description du produit 283 avec caractéristiques complètes et détails,889.7,product_283.jpg,40
284,Produit 284,Description du produit 284 avec caractéristiques complètes et détails,441.23,product_284.jpg,22
285,Produit 285,Description du produit 285 avec caractéristiques complètes et détails,474.09,product_285.jpg,45
286,Produit 286,Description du produit 286 avec caractéristiques complètes et détails,757.85,product_286.jpg,64
287,Produit 287,Description du produit 287 avec caractéristiques complètes et détails,685.99,product_287.jpg,50
288,Produit 288,Description du produit 288 avec caractéristiques complètes et détails,774.29,product_288.jpg,11
289,Produit 289,Description du produit 289 avec caractéristiques complètes et détails,85.1,product_289.jpg,70
290,Produit 290,Description du produit 290 avec caractéristiques complètes et détails,457.69,product_290.jpg,48
291,Produit 291,Description du produit 291 avec caractéristiques complètes et détails,269.97,product_291.jpg,74
292,Produit 292,Description du produit 292 avec caractéristiques complètes et détails,742.62,product_292.jpg,57
293,Produit 293,Description du produit 293 avec caractéristiques complètes et détails,933.97,product_293.jpg,33
294,Produit 294,Description du produit 294 avec caractéristiques complètes et détails,364.23,product_294.jpg,6
295,Produit 295,Description du produit 295 avec caractéristiques complètes et détails,316.53,product_295.jpg,12
296,Produit 296,Description du produit 296 avec caractéristiques complètes et détails,482.78,product_296.jpg,11
297,Produit 297,Description du produit 297 avec caractéristiques complètes et détails,880.16,product_297.jpg,32
298,Produit 298,Description du produit 298 avec caractéristiques complètes et détails,454.02,product_298.jpg,97
299,Produit 299,Description du produit 299 avec caractéristiques complètes et détails,75.27,product_299.jpg,80
300,Produit 300,Description du produit 300 avec caractéristiques complètes et détails,988.75,product_300.jpg,39
301,Produit 301,Description du produit 301 avec caractéristiques complètes et détails,331.76,product_301.jpg,70
302,Produit 302,Description du produit 302 avec caractéristiques complètes et détails,754.45,product_302.jpg,97
303,Produit 303,Description du produit 303 avec caractéristiques complètes et détails,735.43,product_303.jpg,22
304,Produit 304,Description du produit 304 avec caractéristiques complètes et détails,611.87,product_304.jpg,8
305,Produit 305,Description du produit 305 avec caractéristiques complètes et détails,886.46,product_305.jpg,49
306,Produit 306,Description du produit 306 avec caractéristiques complètes et détails,253.85,product_306.jpg,24
307,Produit 307,Description du produit 307 avec caractéristiques complètes et détails,674.95,product_307.jpg,68
308,Produit 308,Description du produit 308 avec caractéristiques complètes et détails,933.06,product_308.jpg,65
309,Produit 309,Description du produit 309 avec caractéristiques complètes et détails,556.08,product_309.jpg,95
310,Produit 310,Description du produit 310 avec caractéristiques complètes et détails,594.46,product_310.jpg,4
311,Produit 311,Description du produit 311 avec caractéristiques complètes et détails,777.61,product_311.jpg,95
312,Produit 312,Description du produit 312 avec caractéristiques complètes et détails,812.01,product_312.jpg,2
313,Produit 313,Description du produit 313 avec caractéristiques complètes et détails,346.95,product_313.jpg,14
314,Produit 314,Description du produit 314 avec caractéristiques complètes et détails,791.24,product_314.jpg,18
315,Produit 315,Description du produit 315 avec caractéristiques complètes et détails,46.9,product_315.jpg,30
316,Produit 316,Description du produit 316 avec caractéristiques complètes et détails,595.76,product_316.jpg,76
317,Produit 317,Description du produit 317 avec caractéristiques complètes et détails,788.34,product_317.jpg,80
318,Produit 318,Description du produit 318 avec caractéristiques complètes et détails,233.09,product_318.jpg,1
319,Produit 319,Description du produit 319 avec caractéristiques complètes et détails,29.83,product_319.jpg,79
320,Produit 320,Description du produit 320 avec caractéristiques complètes et détails,554.2,product_320.jpg,68
321,Produit 321,Description du produit 321 avec caractéristiques complètes et détails,944.01,product_321.jpg,1
322,Produit 322,Description du produit 322 avec caractéristiques complètes et détails,512.81,product_322.jpg,93
323,Produit 323,Description du produit 323 avec caractéristiques complètes et détails,99.88,product_323.jpg,44
324,Produit 324,Description du produit 324 avec caractéristiques complètes et détails,182.69,product_324.jpg,51
325,Produit 325,Description du produit 325 avec caractéristiques complètes et détails,457.21,product_325.jpg,56
326,Produit 326,Description du produit 326 avec caractéristiques complètes et détails,629.99,product_326.jpg,28
327,Produit 327,Description du produit 327 avec caractéristiques complètes et détails,487.64,product_327.jpg,59
328,Produit 328,Description du produit 328 avec caractéristiques complètes et détails,651.48,product_328.jpg,68
329,Produit 329,Description du produit 329 avec caractéristiques complètes et détails,628.48,product_329.jpg,97
330,Produit 330,Description du produit 330 avec caractéristiques complètes et détails,951.62,product_330.jpg,78
331,Produit 331,Description du produit 331 avec caractéristiques complètes et détails,192.67,product_331.jpg,29
332,Produit 332,Description du produit 332 avec caractéristiques complètes et détails,723.65,product_332.jpg,59
333,Produit 333,Description du produit 333 avec caractéristiques complètes et détails,863.48,product_333.jpg,89
334,Produit 334,Description du produit 334 avec caractéristiques complètes et détails,607.15,product_334.jpg,90
335,Produit 335,Description du produit 335 avec caractéristiques complètes et détails,870.04,product_335.jpg,53
336,Produit 336,Description du produit 336 avec caractéristiques complètes et détails,712.98,product_336.jpg,59
337,Produit 337,Description du produit 337 avec caractéristiques complètes et détails,888.51,product_337.jpg,1
338,Produit 338,Description du produit 338 avec caractéristiques complètes et détails,474.98,product_338.jpg,84
339,Produit 339,Description du produit 339 avec caractéristiques complètes et détails,563.86,product_339.jpg,92
340,Produit 340,Description du produit 340 avec caractéristiques complètes et détails,47.59,product_340.jpg,14
341,Produit 341,Description du produit 341 avec caractéristiques complètes et détails,664.64,product_341.jpg,11
342,Produit 342,Description du produit 342 avec caractéristiques complètes et détails,376.22,product_342.jpg,1
343,Produit 343,Description du produit 343 avec caractéristiques complètes et détails,767.3,product_343.jpg,4
344,Produit 344,Description du produit 344 avec caractéristiques complètes et détails,294.39,product_344.jpg,46
345,Produit 345,Description du produit 345 avec caractéristiques complètes et détails,971.47,product_345.jpg,2
346,Produit 346,Description du produit 346 avec caractéristiques complètes et détails,665.09,product_346.jpg,46
347,Produit 347,Description du produit 347 avec caractéristiques complètes et détails,624.44,product_347.jpg,41
348,Produit 348,Description du produit 348 avec caractéristiques complètes et détails,470.76,product_348.jpg,95
349,Produit 349,Description du produit 349 avec caractéristiques complètes et détails,967.74,product_349.jpg,92
350,Produit 350,Description du produit 350 avec caractéristiques complètes et détails,722.37,product_350.jpg,10
351,Produit 351,Description du produit 351 avec caractéristiques complètes et détails,801.49,product_351.jpg,45
352,Produit 352,Description du produit 352 avec caractéristiques complètes et détails,495.75,product_352.jpg,48
353,Produit 353,Description du produit 353 avec caractéristiques complètes et détails,73.19,product_353.jpg,67
354,Produit 354,Description du produit 354 avec caractéristiques complètes et détails,461.26,product_354.jpg,72
355,Produit 355,Description du produit 355 avec caractéristiques complètes et détails,367.33,product_355.jpg,40
356,Produit 356,Description du produit 356 avec caractéristiques complètes et détails,645.33,product_356.jpg,94
357,Produit 357,Description du produit 357 avec caractéristiques complètes et détails,527.96,product_357.jpg,95
358,Produit 358,Description du produit 358 avec caractéristiques complètes et détails,350.22,product_358.jpg,44
359,Produit 359,Description du produit 359 avec caractéristiques complètes et détails,402.48,product_359.jpg,72
360,Produit 360,Description du produit 360 avec caractéristiques complètes et détails,445.83,product_360.jpg,52
361,Produit 361,Description du produit 361 avec caractéristiques complètes et détails,660.1,product_361.jpg,3
362,Produit 362,Description du produit 362 avec caractéristiques complètes et détails,512.04,product_362.jpg,18
363,Produit 363,Description du produit 363 avec caractéristiques complètes et détails,683.75,product_363.jpg,37
364,Produit 364,Description du produit 364 avec caractéristiques complètes et détails,120.63,product_364.jpg,66
365,Produit 365,Description du produit 365 avec caractéristiques complètes et détails,841.72,product_365.jpg,77
366,Produit 366,Description du produit 366 avec caractéristiques complètes et détails,446.61,product_366.jpg,6
367,Produit 367,Description du produit 367 avec caractéristiques complètes et détails,651.78,product_367.jpg,54
368,Produit 368,Description du produit 368 avec caractéristiques complètes et détails,490.99,product_368.jpg,93
369,Produit 369,Description du produit 369 avec caractéristiques complètes et détails,567.25,product_369.jpg,24
370,Produit 370,Description du produit 370 avec caractéristiques complètes et détails,926.84,product_370.jpg,42
371,Produit 371,Description du produit 371 avec caractéristiques complètes et détails,241.58,product_371.jpg,68
372,Produit 372,Description du produit 372 avec caractéristiques complètes et détails,200.71,product_372.jpg,82
373,Produit 373,Description du produit 373 avec caractéristiques complètes et détails,860.47,product_373.jpg,32
374,Produit 374,Description du produit 374 avec caractéristiques complètes et détails,254.1,product_374.jpg,97
375,Produit 375,Description du produit 375 avec caractéristiques complètes et détails,889.98,product_375.jpg,36
376,Produit 376,Description du produit 376 avec caractéristiques complètes et détails,447.54,product_376.jpg,75
377,Produit 377,Description du produit 377 avec caractéristiques complètes et détails,914.04,product_377.jpg,59
378,Produit 378,Description du produit 378 avec caractéristiques complètes et détails,386.63,product_378.jpg,12
379,Produit 379,Description du produit 379 avec caractéristiques complètes et détails,872.53,product_379.jpg,88
380,Produit 380,Description du produit 380 avec caractéristiques complètes et détails,804.97,product_380.jpg,28
381,Produit 381,Description du produit 381 avec caractéristiques complètes et détails,475.94,product_381.jpg,34
382,Produit 382,Description du produit 382 avec caractéristiques complètes et détails,234.83,product_382.jpg,84
383,Produit 383,Description du produit 383 avec caractéristiques complètes et détails,569.61,product_383.jpg,36
384,Produit 384,Description du produit 384 avec caractéristiques complètes et détails,620.58,product_384.jpg,6
385,Produit 385,Description du produit 385 avec caractéristiques complètes et détails,762.8,product_385.jpg,99
386,Produit 386,Description du produit 386 avec caractéristiques complètes et détails,481.31,product_386.jpg,76
387,Produit 387,Description du produit 387 avec caractéristiques complètes et détails,347.21,product_387.jpg,60
388,Produit 388,Description du produit 388 avec caractéristiques complètes et détails,135.63,product_388.jpg,45
389,Produit 389,Description du produit 389 avec caractéristiques complètes et détails,582.81,product_389.jpg,71
390,Produit 390,Description du produit 390 avec caractéristiques complètes et détails,955.92,product_390.jpg,19
391,Produit 391,Description du produit 391 avec caractéristiques complètes et détails,40.64,product_391.jpg,15
392,Produit 392,Description du produit 392 avec caractéristiques complètes et détails,103.51,product_392.jpg,73
393,Produit 393,Description du produit 393 avec caractéristiques complètes et détails,503.86,product_393.jpg,79
394,Produit 394,Description du produit 394 avec caractéristiques complètes et détails,337.53,product_394.jpg,84
395,Produit 395,Description du produit 395 avec caractéristiques complètes et détails,645.45,product_395.jpg,93
396,Produit 396,Description du produit 396 avec caractéristiques complètes et détails,378.43,product_396.jpg,72
397,Produit 397,Description du produit 397 avec caractéristiques complètes et détails,201.04,product_397.jpg,87
398,Produit 398,Description du produit 398 avec caractéristiques complètes et détails,702.46,product_398.jpg,30
399,Produit 399,Description du produit 399 avec caractéristiques complètes et détails,282.08,product_399.jpg,69
400,Produit 400,Description du produit 400 avec caractéristiques complètes et détails,707.32,product_400.jpg,53
401,Produit 401,Description du produit 401 avec caractéristiques complètes et détails,544.45,product_401.jpg,63
402,Produit 402,Description du produit 402 avec caractéristiques complètes et détails,921.03,product_402.jpg,7
403,Produit 403,Description du produit 403 avec caractéristiques complètes et détails,218.66,product_403.jpg,63
404,Produit 404,Description du produit 404 avec caractéristiques complètes et détails,516.53,product_404.jpg,20
405,Produit 405,Description du produit 405 avec caractéristiques complètes et détails,729.94,product_405.jpg,39
406,Produit 406,Description du produit 406 avec caractéristiques complètes et détails,955.7,product_406.jpg,28
407,Produit 407,Description du produit 407 avec caractéristiques complètes et détails,83.82,product_407.jpg,82
408,Produit 408,Description du produit 408 avec caractéristiques complètes et détails,631.61,product_408.jpg,87
409,Produit 409,Description du produit 409 avec caractéristiques complètes et détails,940.71,product_409.jpg,57
410,Produit 410,Description du produit 410 avec caractéristiques complètes et détails,925.45,product_410.jpg,44
411,Produit 411,Description du produit 411 avec caractéristiques complètes et détails,55.74,product_411.jpg,61
412,Produit 412,Description du produit 412 avec caractéristiques complètes et détails,863.46,product_412.jpg,1
413,Produit 413,Description du produit 413 avec caractéristiques complètes et détails,749.86,product_413.jpg,43
414,Produit 414,Description du produit 414 avec caractéristiques complètes et détails,186.14,product_414.jpg,69
415,Produit 415,Description du produit 415 avec caractéristiques complètes et détails,675.62,product_415.jpg,64
416,Produit 416,Description du produit 416 avec caractéristiques complètes et détails,718.09,product_416.jpg,44
417,Produit 417,Description du produit 417 avec caractéristiques complètes et détails,696.3,product_417.jpg,95
418,Produit 418,Description du produit 418 avec caractéristiques complètes et détails,553.44,product_418.jpg,8
419,Produit 419,Description du produit 419 avec caractéristiques complètes et détails,623.31,product_419.jpg,13
420,Produit 420,Description du produit 420 avec caractéristiques complètes et détails,362.88,product_420.jpg,9
421,Produit 421,Description du produit 421 avec caractéristiques complètes et détails,357.74,product_421.jpg,95
422,Produit 422,Description du produit 422 avec caractéristiques complètes et détails,437.94,product_422.jpg,75
423,Produit 423,Description du produit 423 avec caractéristiques complètes et détails,483.17,product_423.jpg,8
424,Produit 424,Description du produit 424 avec caractéristiques complètes et détails,692.11,product_424.jpg,21
425,Produit 425,Description du produit 425 avec caractéristiques complètes et détails,469.15,product_425.jpg,63
426,Produit 426,Description du produit 426 avec caractéristiques complètes et détails,516.36,product_426.jpg,61
427,Produit 427,Description du produit 427 avec caractéristiques complètes et détails,773.81,product_427.jpg,14
428,Produit 428,Description du produit 428 avec caractéristiques complètes et détails,574.41,product_428.jpg,52
429,Produit 429,Description du produit 429 avec caractéristiques complètes et détails,384.69,product_429.jpg,7
430,Produit 430,Description du produit 430 avec caractéristiques complètes et détails,73.14,product_430.jpg,18
431,Produit 431,Description du produit 431 avec caractéristiques complètes et détails,684.63,product_431.jpg,99
432,Produit 432,Description du produit 432 avec caractéristiques complètes et détails,788.27,product_432.jpg,96
433,Produit 433,Description du produit 433 avec caractéristiques complètes et détails,303.78,product_433.jpg,69
434,Produit 434,Description du produit 434 avec caractéristiques complètes et détails,201.64,product_434.jpg,55
435,Produit 435,Description du produit 435 avec caractéristiques complètes et détails,461.82,product_435.jpg,46
436,Produit 436,Description du produit 436 avec caractéristiques complètes et détails,227.28,product_436.jpg,33
437,Produit 437,Description du produit 437 avec caractéristiques complètes et détails,453.77,product_437.jpg,45
438,Produit 438,Description du produit 438 avec caractéristiques complètes et détails,256.92,product_438.jpg,58
439,Produit 439,Description du produit 439 avec caractéristiques complètes et détails,922.49,product_439.jpg,64
440,Produit 440,Description du produit 440 avec caractéristiques complètes et détails,821.99,product_440.jpg,26
441,Produit 441,Description du produit 441 avec caractéristiques complètes et détails,149.68,product_441.jpg,28
442,Produit 442,Description du produit 442 avec caractéristiques complètes et détails,142.56,product_442.jpg,95
443,Produit 443,Description du produit 443 avec caractéristiques complètes et détails,375.7,product_443.jpg,53
444,Produit 444,Description du produit 444 avec caractéristiques complètes et détails,276.34,product_444.jpg,97
445,Produit 445,Description du produit 445 avec caractéristiques complètes et détails,574,product_445.jpg,8
446,Produit 446,Description du produit 446 avec caractéristiques complètes et détails,193.01,product_446.jpg,39
447,Produit 447,Description du produit 447 avec caractéristiques complètes et détails,783.33,product_447.jpg,51
448,Produit 448,Description du produit 448 avec caractéristiques complètes et détails,617.39,product_448.jpg,39
449,Produit 449,Description du produit 449 avec caractéristiques complètes et détails,478.06,product_449.jpg,62
450,Produit 450,Description du produit 450 avec caractéristiques complètes et détails,769.97,product_450.jpg,53
451,Produit 451,Description du produit 451 avec caractéristiques complètes et détails,677.95,product_451.jpg,63
452,Produit 452,Description du produit 452 avec caractéristiques complètes et détails,826.94,product_452.jpg,50
453,Produit 453,Description du produit 453 avec caractéristiques complètes et détails,288.73,product_453.jpg,50
454,Produit 454,Description du produit 454 avec caractéristiques complètes et détails,373.8,product_454.jpg,74
455,Produit 455,Description du produit 455 avec caractéristiques complètes et détails,745.7,product_455.jpg,14
456,Produit 456,Description du produit 456 avec caractéristiques complètes et détails,376.84,product_456.jpg,59
457,Produit 457,Description du produit 457 avec caractéristiques complètes et détails,161.88,product_457.jpg,2
458,Produit 458,Description du produit 458 avec caractéristiques complètes et détails,411.95,product_458.jpg,20
459,Produit 459,Description du produit 459 avec caractéristiques complètes et détails,832.94,product_459.jpg,86
460,Produit 460,Description du produit 460 avec caractéristiques complètes et détails,873.9,product_460.jpg,29
461,Produit 461,Description du produit 461 avec caractéristiques complètes et détails,569.4,product_461.jpg,38
462,Produit 462,Description du produit 462 avec caractéristiques complètes et détails,499.71,product_462.jpg,34
463,Produit 463,Description du produit 463 avec caractéristiques complètes et détails,691.78,product_463.jpg,40
464,Produit 464,Description du produit 464 avec caractéristiques complètes et détails,810.45,product_464.jpg,67
465,Produit 465,Description du produit 465 avec caractéristiques complètes et détails,335.4,product_465.jpg,73
466,Produit 466,Description du produit 466 avec caractéristiques complètes et détails,392.03,product_466.jpg,20
467,Produit 467,Description du produit 467 avec caractéristiques complètes et détails,708.93,product_467.jpg,44
468,Produit 468,Description du produit 468 avec caractéristiques complètes et détails,646.88,product_468.jpg,6
469,Produit 469,Description du produit 469 avec caractéristiques complètes et détails,951.25,product_469.jpg,88
470,Produit 470,Description du produit 470 avec caractéristiques complètes et détails,851.96,product_470.jpg,94
471,Produit 471,Description du produit 471 avec caractéristiques complètes et détails,504.39,product_471.jpg,14
472,Produit 472,Description du produit 472 avec caractéristiques complètes et détails,796.36,product_472.jpg,48
473,Produit 473,Description du produit 473 avec caractéristiques complètes et détails,147.76,product_473.jpg,23
474,Produit 474,Description du produit 474 avec caractéristiques complètes et détails,567.55,product_474.jpg,74
475,Produit 475,Description du produit 475 avec caractéristiques complètes et détails,477.7,product_475.jpg,27
476,Produit 476,Description du produit 476 avec caractéristiques complètes et détails,352.2,product_476.jpg,62
477,Produit 477,Description du produit 477 avec caractéristiques complètes et détails,253.76,product_477.jpg,22
478,Produit 478,Description du produit 478 avec caractéristiques complètes et détails,333.51,product_478.jpg,42
479,Produit 479,Description du produit 479 avec caractéristiques complètes et détails,327.51,product_479.jpg,60
480,Produit 480,Description du produit 480 avec caractéristiques complètes et détails,339.65,product_480.jpg,48
481,Produit 481,Description du produit 481 avec caractéristiques complètes et détails,190.39,product_481.jpg,60
482,Produit 482,Description du produit 482 avec caractéristiques complètes et détails,404.7,product_482.jpg,87
483,Produit 483,Description du produit 483 avec caractéristiques complètes et détails,992.71,product_483.jpg,14
484,Produit 484,Description du produit 484 avec caractéristiques complètes et détails,785.03,product_484.jpg,21
485,Produit 485,Description du produit 485 avec caractéristiques complètes et détails,493.54,product_485.jpg,23
486,Produit 486,Description du produit 486 avec caractéristiques complètes et détails,307.03,product_486.jpg,91
487,Produit 487,Description du produit 487 avec caractéristiques complètes et détails,640.28,product_487.jpg,81
488,Produit 488,Description du produit 488 avec caractéristiques complètes et détails,823.16,product_488.jpg,52
489,Produit 489,Description du produit 489 avec caractéristiques complètes et détails,26.56,product_489.jpg,96
490,Produit 490,Description du produit 490 avec caractéristiques complètes et détails,570.93,product_490.jpg,97
491,Produit 491,Description du produit 491 avec caractéristiques complètes et détails,330.22,product_491.jpg,63
492,Produit 492,Description du produit 492 avec caractéristiques complètes et détails,734.91,product_492.jpg,82
493,Produit 493,Description du produit 493 avec caractéristiques complètes et détails,898.93,product_493.jpg,5
494,Produit 494,Description du produit 494 avec caractéristiques complètes et détails,120.49,product_494.jpg,57
495,Produit 495,Description du produit 495 avec caractéristiques complètes et détails,635.46,product_495.jpg,7
496,Produit 496,Description du produit 496 avec caractéristiques complètes et détails,46.2,product_496.jpg,7
497,Produit 497,Description du produit 497 avec caractéristiques complètes et détails,160.6,product_497.jpg,86
498,Produit 498,Description du produit 498 avec caractéristiques complètes et détails,749.53,product_498.jpg,89
499,Produit 499,Description du produit 499 avec caractéristiques complètes et détails,356.94,product_499.jpg,44
500,Produit 500,Description du produit 500 avec caractéristiques complètes et détails,175.85,product_500.jpg,65
